input,method,entity,group,episodes,ADE_mm,FDE_mm
full,stationary,target,all,45,3.629104915030518,6.103375232206393
full,stationary,target,detach,15,4.819847321666405,7.9993991714037795
full,stationary,target,stationary,45,0.025083299087095397,0.09453604918569591
full,stationary,tool,all,45,9.95245336064645,16.729798631141424
full,stationary,tool,detach,15,15.18247287594787,25.51782151891126
full,stationary,tool,stationary,45,8.907863742697142,15.160629473995737
full,stationary,all,all,45,6.7907791157258055,11.41658694404498
full,stationary,all,detach,15,10.001160059353367,16.758610387258823
full,stationary,all,stationary,45,4.4664735318696795,7.6275828037465025
full,stationary,target,near_establish,30,2.9592522049265093,5.950214278647576
full,stationary,tool,near_establish,30,7.690268707616876,12.952692927792668
full,stationary,all,near_establish,30,5.3247604620022075,9.451453566240767
full,stationary,target,moving,30,8.110935093321034,13.578799731820991
full,stationary,tool,moving,30,12.257255519976665,20.619884054426315
full,stationary,all,moving,30,10.184095234738201,17.09934190329168
full,stationary,target,near_release,15,4.528659217902871,6.147540832712325
full,stationary,tool,near_release,15,20.67533797894915,33.727399775137506
full,stationary,all,near_release,15,12.601998522877693,19.937470372145373
full,stationary,target,engage_pull,15,6.067444160752874,10.310703279113973
full,stationary,tool,engage_pull,15,7.416531586250852,12.48789911439258
full,stationary,all,engage_pull,15,6.74198782034514,11.39930121467582
full,stationary,target,pass_by,15,2.3262672271024655e-05,2.3246101423332393e-05
full,stationary,tool,pass_by,15,7.258355619740627,12.183675260120443
full,stationary,all,pass_by,15,3.629189467478898,6.091849230200288
full,constant_velocity,target,all,45,0.7806443610216809,1.6227134414084587
full,constant_velocity,target,detach,15,1.8659066959359047,3.8709521505685207
full,constant_velocity,target,stationary,45,0.14084131083168808,0.2973543667617458
full,constant_velocity,tool,all,45,1.317409001896122,2.7243056649177757
full,constant_velocity,tool,detach,15,3.2318103655583514,6.757674365736232
full,constant_velocity,tool,stationary,45,1.6466731261445973,3.251168478739931
full,constant_velocity,all,all,45,1.049026676652815,2.1735095645274582
full,constant_velocity,all,detach,15,2.5488585118695024,5.314313284915918
full,constant_velocity,all,stationary,45,0.8937572242366447,1.7742614380068622
full,constant_velocity,target,near_establish,30,2.159205904178568,4.6321984519019805
full,constant_velocity,tool,near_establish,30,0.5804366578619616,1.2097376895144407
full,constant_velocity,all,near_establish,30,1.3698212871956155,2.920968093940246
full,constant_velocity,target,moving,30,1.875147896137805,3.9294569231248055
full,constant_velocity,tool,moving,30,2.2084665588289596,4.71398800904021
full,constant_velocity,all,moving,30,2.041807207349367,4.321722479462902
full,constant_velocity,target,near_release,15,3.8128803684378454,7.571808358976189
full,constant_velocity,tool,near_release,15,5.242795507462385,10.23051715727585
full,constant_velocity,all,near_release,15,4.527837875066325,8.901162778493017
full,constant_velocity,target,engage_pull,15,0.4759412823404427,0.9970579943188379
full,constant_velocity,tool,engage_pull,15,0.38034700214485917,0.7623638072129238
full,constant_velocity,all,engage_pull,15,0.4281441444935996,0.8797109057042458
full,constant_velocity,target,pass_by,15,8.510478869493817e-05,0.00013017933801687297
full,constant_velocity,tool,pass_by,15,0.3400696379851561,0.6528788218041709
full,constant_velocity,all,pass_by,15,0.17007737359534306,0.3265045029622111
full,A,target,all,45,1.0334332123406174,1.4305094715420936
full,A,target,detach,15,1.5234046079780135,2.2851889886494194
full,A,target,stationary,45,0.8603886572788733,1.2121848746844641
full,A,tool,all,45,1.5200307026687792,2.2238179214394824
full,A,tool,detach,15,2.585325787668042,3.8088978423426543
full,A,tool,stationary,45,1.5529156055133755,2.0961342315565163
full,A,all,all,45,1.2767319602302951,1.8271637015185125
full,A,all,detach,15,2.0543652078476806,3.0470434280615004
full,A,all,stationary,45,1.2066521224571143,1.6541595472782118
full,A,target,near_establish,30,1.655859690993869,2.5718712139253816
full,A,tool,near_establish,30,1.2323760522607092,1.9424549247681473
full,A,all,near_establish,30,1.4441178632356848,2.2571630424742275
full,A,target,moving,30,1.533519423866941,2.2878620660115185
full,A,tool,moving,30,2.0245857579364537,3.1470558975385106
full,A,all,moving,30,1.7790526022769413,2.7174589975933525
full,A,target,near_release,15,1.5666972645946469,2.191276269926069
full,A,tool,near_release,15,3.0994289985392243,4.871909699868411
full,A,all,near_release,15,2.3330631549470127,3.531593024575462
full,A,target,engage_pull,15,0.9356828403681339,1.365984717729531
full,A,tool,engage_pull,15,1.0489072320827593,1.533429609567282
full,A,all,engage_pull,15,0.9922950333612602,1.4497071606225318
full,A,target,pass_by,15,0.641212188675704,0.6403547082473301
full,A,tool,pass_by,15,0.9258590882555359,1.3291263124085075
full,A,all,pass_by,15,0.7835356394819442,0.9847405158715057
full,B,target,all,45,1.1978482372970105,1.6645435831157203
full,B,target,detach,15,1.69956288817856,2.5655061008393885
full,B,target,stationary,45,0.8857318808883884,1.0863991951761904
full,B,tool,all,45,1.753431640931272,2.5106592771533145
full,B,tool,detach,15,2.9921650158477915,4.391435809093454
full,B,tool,stationary,45,1.9958653133151245,2.777732029500374
full,B,all,all,45,1.475639933986323,2.087601423682398
full,B,all,detach,15,2.345863947947879,3.47847093029746
full,B,all,stationary,45,1.4407985890799344,1.932065623129377
full,B,target,near_establish,30,1.7848968233253497,2.8711258728678026
full,B,tool,near_establish,30,1.785754030473375,2.829463086576046
full,B,all,near_establish,30,1.785325404489413,2.8502945023744055
full,B,target,moving,30,1.7437032758453939,2.7312163008907477
full,B,tool,moving,30,2.1419151878931553,3.3355640118174796
full,B,all,moving,30,1.9428092240635213,3.033390136291464
full,B,target,near_release,15,2.149812839925289,2.9608060132401683
full,B,tool,near_release,15,3.0711580828453102,4.590724740022172
full,B,all,near_release,15,2.6104854594450444,3.775765406123052
full,B,target,engage_pull,15,1.096424175747892,1.5890517845816376
full,B,tool,engage_pull,15,1.239908100216694,1.6669915092828138
full,B,all,engage_pull,15,1.1681661264793501,1.628021650489361
full,B,target,pass_by,15,0.7975576479645771,0.8390728639261353
full,B,tool,pass_by,15,1.028221806729331,1.4735505130836766
full,B,all,pass_by,15,0.9128897275317404,1.1563116902603752
full,C,target,all,45,1.6375845433680936,2.2275693498418794
full,C,target,detach,15,2.564561731248562,3.633645237866966
full,C,target,stationary,45,1.4126916374985519,1.8234883960470012
full,C,tool,all,45,2.2072935794115507,2.4615142252370124
full,C,tool,detach,15,3.5615520825284346,4.080248581585549
full,C,tool,stationary,45,2.326453507244424,2.760755504948014
full,C,all,all,45,1.9224390640076277,2.344541777992158
full,C,all,detach,15,3.063056919546354,3.8569468890302003
full,C,all,stationary,45,1.8695725846955162,2.2921219159124324
full,C,target,near_establish,30,2.0279042267551026,3.442103864896732
full,C,tool,near_establish,30,1.9005022731532033,2.796690172399394
full,C,all,near_establish,30,1.9642032552898552,3.1193970248568803
full,C,target,moving,30,2.2916255738724383,3.3892902760516987
full,C,tool,moving,30,2.733810082131023,3.0481426976867856
full,C,all,moving,30,2.512717828866337,3.218716485564384
full,C,target,near_release,15,3.483180908175806,4.29107136791572
full,C,tool,near_release,15,4.367782600068797,3.6709189104537168
full,C,all,near_release,15,3.9254817056159177,3.980995137244463
full,C,target,engage_pull,15,1.2060685175663186,1.698535147293042
full,C,tool,engage_pull,15,1.5700309820074054,1.77777150446283
full,C,all,engage_pull,15,1.388049749694469,1.738153322644177
full,C,target,pass_by,15,1.1421233812894023,1.350527664365631
full,C,tool,pass_by,15,1.4902976736988107,1.5265225896626589
full,C,all,pass_by,15,1.3162105227820575,1.4385251223020965
masked,stationary,target,all,45,3.629104915030518,6.103375232206393
masked,stationary,target,detach,15,4.819847321666405,7.9993991714037795
masked,stationary,target,stationary,45,0.025083299087095397,0.09453604918569591
masked,stationary,tool,all,45,9.95245336064645,16.729798631141424
masked,stationary,tool,detach,15,15.18247287594787,25.51782151891126
masked,stationary,tool,stationary,45,8.907863742697142,15.160629473995737
masked,stationary,all,all,45,6.7907791157258055,11.41658694404498
masked,stationary,all,detach,15,10.001160059353367,16.758610387258823
masked,stationary,all,stationary,45,4.4664735318696795,7.6275828037465025
masked,stationary,target,near_establish,30,2.9592522049265093,5.950214278647576
masked,stationary,tool,near_establish,30,7.690268707616876,12.952692927792668
masked,stationary,all,near_establish,30,5.3247604620022075,9.451453566240767
masked,stationary,target,moving,30,8.110935093321034,13.578799731820991
masked,stationary,tool,moving,30,12.257255519976665,20.619884054426315
masked,stationary,all,moving,30,10.184095234738201,17.09934190329168
masked,stationary,target,near_release,15,4.528659217902871,6.147540832712325
masked,stationary,tool,near_release,15,20.67533797894915,33.727399775137506
masked,stationary,all,near_release,15,12.601998522877693,19.937470372145373
masked,stationary,target,engage_pull,15,6.067444160752874,10.310703279113973
masked,stationary,tool,engage_pull,15,7.416531586250852,12.48789911439258
masked,stationary,all,engage_pull,15,6.74198782034514,11.39930121467582
masked,stationary,target,pass_by,15,2.3262672271024655e-05,2.3246101423332393e-05
masked,stationary,tool,pass_by,15,7.258355619740627,12.183675260120443
masked,stationary,all,pass_by,15,3.629189467478898,6.091849230200288
masked,constant_velocity,target,all,45,2.2070651176786398,3.863052092090789
masked,constant_velocity,target,detach,15,3.3393567773140873,5.918250558689111
masked,constant_velocity,target,stationary,45,0.08154010425122786,0.19373112916502602
masked,constant_velocity,tool,all,45,5.512295497457971,9.533008746041286
masked,constant_velocity,tool,detach,15,8.90697488711527,15.668579338324934
masked,constant_velocity,tool,stationary,45,5.12684956224385,8.958131995626609
masked,constant_velocity,all,all,45,3.8596803222141585,6.698030438298232
masked,constant_velocity,all,detach,15,6.123165882563049,10.793415000519
masked,constant_velocity,all,stationary,45,2.6041948433971007,4.575931590602105
masked,constant_velocity,target,near_establish,30,2.5011409554134008,5.193102117754767
masked,constant_velocity,tool,near_establish,30,3.9516651386050703,6.774912448624188
masked,constant_velocity,all,near_establish,30,3.2264031048786515,5.98400728078559
masked,constant_velocity,target,moving,30,4.990568559142242,8.739726008570752
masked,constant_velocity,tool,moving,30,7.01307288988532,12.32821317015802
masked,constant_velocity,all,moving,30,6.001820768376634,10.533969622315198
masked,constant_velocity,target,near_release,15,4.244248680559674,6.929869377162348
masked,constant_velocity,tool,near_release,15,12.877106701295512,21.86879718132938
masked,constant_velocity,all,near_release,15,8.560677573550493,14.39933342859149
masked,constant_velocity,target,engage_pull,15,3.2817857560486137,5.670831195671437
masked,constant_velocity,tool,engage_pull,15,3.715537336092749,6.320220948569004
masked,constant_velocity,all,engage_pull,15,3.4986615520975892,5.995526074594449
masked,constant_velocity,target,pass_by,15,5.281967321795693e-05,7.452191181605322e-05
masked,constant_velocity,tool,pass_by,15,3.9143742691658914,6.610225951229922
masked,constant_velocity,all,pass_by,15,1.9572135319818365,3.305150239781243
masked,A,target,all,45,1.652407233489963,2.2601819449971634
masked,A,target,detach,15,2.4435957135181754,3.5373288268659504
masked,A,target,stationary,45,1.0642206839597164,1.4631866740338666
masked,A,tool,all,45,3.181183237210409,4.604561586442979
masked,A,tool,detach,15,6.4728206563149655,9.504119968522222
masked,A,tool,stationary,45,3.163150254919334,4.425116065292756
masked,A,all,all,45,2.4167952318700454,3.4323717331976953
masked,A,all,detach,15,4.45820817258209,6.520724302298197
masked,A,all,stationary,45,2.11368545202375,2.9441513244169584
masked,A,target,near_establish,30,1.9488687299114342,2.957484938475924
masked,A,tool,near_establish,30,1.601175374429052,2.403193121717777
masked,A,all,near_establish,30,1.7750220796248566,2.680339031503536
masked,A,target,moving,30,2.7288793394799655,3.9351497218955434
masked,A,tool,moving,30,4.1741188594654135,6.196713795215226
masked,A,all,moving,30,3.4514991224979408,5.065931717402289
masked,A,target,near_release,15,3.2215384531688565,4.453564999275841
masked,A,tool,near_release,15,10.811384964423874,16.499228271034855
masked,A,all,near_release,15,7.016461652237922,10.476396481196085
masked,A,target,engage_pull,15,1.7418031993743388,2.4070311415319647
masked,A,tool,engage_pull,15,1.6277347236783022,2.208762711084019
masked,A,all,engage_pull,15,1.6847689687791798,2.3078969291721783
masked,A,target,pass_by,15,0.771822787577375,0.8361858665935754
masked,A,tool,pass_by,15,1.4429943316379592,2.1008020797226994
masked,A,all,pass_by,15,1.1074085542488667,1.4684939681227125
masked,B,target,all,45,1.1951651677942623,1.624540175944468
masked,B,target,detach,15,1.6404760110798098,2.3174954286318212
masked,B,target,stationary,45,0.8819468539537504,1.1149905586143871
masked,B,tool,all,45,1.776091072359738,2.5386005245203336
masked,B,tool,detach,15,3.0629841793727666,4.537166130825109
masked,B,tool,stationary,45,1.8891404750411231,2.5478264992882207
masked,B,all,all,45,1.485628116365877,2.0815703528810037
masked,B,all,detach,15,2.35173006797032,3.4273307848100862
masked,B,all,stationary,45,1.3855436552328342,1.8314085345773452
masked,B,target,near_establish,30,1.7208186795081322,2.670798148222578
masked,B,tool,near_establish,30,1.5629072819137946,2.429850426657746
masked,B,all,near_establish,30,1.6418629761513632,2.5503242935519665
masked,B,target,moving,30,1.754076948366284,2.5833663816195505
masked,B,tool,moving,30,2.242683590049374,3.507573121443943
masked,B,all,moving,30,1.9983802685185537,3.0454697579542382
masked,B,target,near_release,15,1.8813031050376594,2.161457393473635
masked,B,tool,near_release,15,3.5458522057160735,5.367609648965299
masked,B,all,near_release,15,2.7135776150195547,3.7645334812502065
masked,B,target,engage_pull,15,1.2011681184438723,1.7227963812368376
masked,B,tool,engage_pull,15,1.2322111136560876,1.6296474318507879
masked,B,all,engage_pull,15,1.2166896289850158,1.676221914951586
masked,B,target,pass_by,15,0.7438513738591046,0.8333287179647456
masked,B,tool,pass_by,15,1.0330779240503611,1.4489880108851052
masked,B,all,pass_by,15,0.8884646521422953,1.1411583588813388
masked,C,target,all,45,1.6407910689142426,2.1936376245566716
masked,C,target,detach,15,2.4074723927437196,3.420323414713262
masked,C,target,stationary,45,1.4935358744207219,1.838996590528043
masked,C,tool,all,45,2.138604124867549,2.404498481795331
masked,C,tool,detach,15,3.5674605507492316,3.816060882638253
masked,C,tool,stationary,45,2.199419427609369,2.5606270158547746
masked,C,all,all,45,1.8896975920402577,2.2990680538073534
masked,C,all,detach,15,2.9874664557624664,3.6181921538497717
masked,C,all,stationary,45,1.8464776554752063,2.199811788309211
masked,C,target,near_establish,30,1.9604856431639444,3.1390703579139276
masked,C,tool,near_establish,30,1.6589545008415978,2.3865827054639035
masked,C,all,near_establish,30,1.8097200470704895,2.7628265194168002
masked,C,target,moving,30,2.16191163929554,3.22483577510309
masked,C,tool,moving,30,2.6803718545180355,2.946894897672013
masked,C,all,moving,30,2.421141733696806,3.085865348188157
masked,C,target,near_release,15,3.049197068903595,3.96151301295807
masked,C,tool,near_release,15,4.308815737410138,3.39259992664059
masked,C,all,near_release,15,3.6790063992763558,3.677056470575432
masked,C,target,engage_pull,15,1.2226926841928312,1.7734783957527567
masked,C,tool,engage_pull,15,1.4249562418886592,1.7285405636011137
masked,C,all,engage_pull,15,1.3238244571737827,1.75100947223929
masked,C,target,pass_by,15,1.2922081298061778,1.387111063203996
masked,C,tool,pass_by,15,1.4233955819647581,1.6688939991466227
masked,C,all,pass_by,15,1.357801863184524,1.5280025353329993
