checkpoint,checkpoint_update,batch_index,future_loss_original,history_loss,future_shared_norm,history_shared_norm,raw_norm_ratio,weighted_norm_ratio,cosine,none_future,none_history,cosine_defined
C.pt,1800,0,0.00011621224984992296,0.00021593968267552555,0.00531729441304577,0.007537537161050997,1.417551216001497,1.417551216001497,-0.10720203945714264,0,0,True
C.pt,1800,1,0.000134370377054438,0.0002404471015324816,0.005312344769689274,0.00949223802547282,1.7868264273118766,1.7868264273118766,0.10127120421863231,0,0,True
C.pt,1800,2,0.00015193271974567324,0.00021086525521241128,0.004325074893559738,0.007165476625921359,1.6567289127388583,1.6567289127388583,0.08389497036573608,0,0,True
C.pt,1800,3,0.00013104580284561962,0.00021355411445256323,0.004739873235583439,0.007313908611544715,1.5430599613165463,1.5430599613165463,0.1686379675123957,0,0,True
C.pt,1800,4,7.061593350954354e-05,0.00012917126878164709,0.003133834937738741,0.005428827521230845,1.732327205831742,1.732327205831742,0.1736240496998099,0,0,True
C.pt,1800,5,0.00011214668484171852,0.00017569432384334505,0.004427733734316822,0.006278374150848328,1.4179656066913542,1.4179656066913542,0.013504276097310754,0,0,True
C.pt,1800,6,9.136060543823987e-05,7.175017526606098e-05,0.0029025157613600913,0.004950314318880467,1.7055253875902459,1.7055253875902459,0.07335801499161548,0,0,True
C.pt,1800,7,0.00011210159573238343,0.0001480413047829643,0.0035835258615857695,0.00586655864342247,1.6370911973344655,1.6370911973344655,0.1208281534729459,0,0,True
C.pt,1800,8,0.00014469993766397238,0.00020312056585680693,0.005039305267924148,0.007526042047748703,1.4934681761894772,1.4934681761894772,0.12041734167842534,0,0,True
C.pt,1800,9,7.726582407485694e-05,0.00012792792404070497,0.0033183585359479193,0.006588124703194802,1.9853565043756924,1.9853565043756924,-0.038292625582087125,0,0,True
C.pt,1800,10,6.328350718831643e-05,0.0001404997892677784,0.003397185771570328,0.00669597409775569,1.9710356006408556,1.9710356006408556,0.11438174601664998,0,0,True
C.pt,1800,11,8.73809985932894e-05,0.00018141006876248866,0.004078034923217313,0.005875320178032707,1.4407233603084129,1.4407233603084129,0.04434984803833433,0,0,True
C.pt,1800,12,0.00010251365165458992,0.00022902185446582735,0.004445206462139594,0.00791035522158252,1.7795248182409642,1.7795248182409642,0.009877713791524655,0,0,True
C.pt,1800,13,0.00010550839942879975,0.0001462767831981182,0.0042711791509208175,0.004609455320744141,1.0791997146152006,1.0791997146152006,0.11943244347390328,0,0,True
C.pt,1800,14,9.504790796199813e-05,0.00014083058340474963,0.003670925486370518,0.007283224347250215,1.9840294700318788,1.9840294700318788,0.20717441081460108,0,0,True
C.pt,1800,15,8.23097288957797e-05,0.00011604066821746528,0.002991848310423012,0.005444464671552841,1.8197662804579346,1.8197662804579346,0.09451604271716717,0,0,True
