split,entity,motion_group,all,covered,uncovered,coverage
train,target,all,133610,66900,66710,0.5007110246239054
train,target,moving,60480,30940,29540,0.5115740740740741
train,target,stationary,73130,35960,37170,0.49172706139751127
train,tool,all,132630,65610,67020,0.494684460529292
train,tool,moving,60530,30140,30390,0.497934908309929
train,tool,stationary,72100,35470,36630,0.49195561719833564
train,all,all,266240,132510,133730,0.49770883413461536
train,all,moving,121010,61080,59930,0.5047516734154203
train,all,stationary,145230,71430,73800,0.49184052881636026
val,target,all,28410,14720,13690,0.5181274199225625
val,target,moving,12970,6620,6350,0.5104086353122591
val,target,stationary,15440,8100,7340,0.5246113989637305
val,tool,all,28660,13970,14690,0.4874389392882066
val,tool,moving,13120,6200,6920,0.4725609756097561
val,tool,stationary,15540,7770,7770,0.5
val,all,all,57070,28690,28380,0.5027159628526371
val,all,moving,26090,12820,13270,0.49137600613261784
val,all,stationary,30980,15870,15110,0.5122659780503551
