split,method,entity,motion_group,coverage_subset,ADE_mm,windows,episodes,families,hidden_valid_queries
train,C,target,all,all,1.8900394444750748,4344,210,70,133610
train,repeat_current_backward,target,all,all,6.116965831094712,4344,210,70,133610
train,C,target,all,covered,1.8153275569147533,2829,210,70,66900
train,repeat_current_backward,target,all,covered,6.111813909877425,2829,210,70,66900
train,oracle_entity_rigid_fit,target,all,covered,7.31610266033941e-06,2829,210,70,66900
train,C,target,all,uncovered,2.0276615696618907,1515,210,70,66710
train,repeat_current_backward,target,all,uncovered,6.080360781312809,1515,210,70,66710
train,C,target,moving,all,2.398147185667219,1984,140,70,60480
train,repeat_current_backward,target,moving,all,12.332820234686904,1984,140,70,60480
train,C,target,moving,covered,2.239153738560569,1311,140,70,30940
train,repeat_current_backward,target,moving,covered,12.229314681884151,1311,140,70,30940
train,oracle_entity_rigid_fit,target,moving,covered,7.446627368014588e-06,1311,140,70,30940
train,C,target,moving,uncovered,2.685342361263023,673,139,70,29540
train,repeat_current_backward,target,moving,uncovered,12.57897635975563,673,139,70,29540
train,C,target,stationary,all,1.5941092908958057,2360,210,70,73130
train,repeat_current_backward,target,stationary,all,1.1958306858647858,2360,210,70,73130
train,C,target,stationary,covered,1.592034413850354,1518,205,70,35960
train,repeat_current_backward,target,stationary,covered,1.2553831642414623,1518,205,70,35960
train,oracle_entity_rigid_fit,target,stationary,covered,7.128357065167379e-06,1518,205,70,35960
train,C,target,stationary,uncovered,1.6655771617620811,842,188,70,37170
train,repeat_current_backward,target,stationary,uncovered,1.2612198669919037,842,188,70,37170
train,C,tool,all,all,2.6215258760005566,4335,210,70,132630
train,repeat_current_backward,tool,all,all,16.274778850874924,4335,210,70,132630
train,C,tool,all,covered,2.565682829860794,2802,210,70,65610
train,repeat_current_backward,tool,all,covered,16.18618307552576,2802,210,70,65610
train,oracle_entity_rigid_fit,tool,all,covered,1.3513184350860528e-05,2802,210,70,65610
train,C,tool,all,uncovered,2.7299796320034457,1533,210,70,67020
train,repeat_current_backward,tool,all,uncovered,16.585550909247882,1533,210,70,67020
train,C,tool,moving,all,3.07651853050962,1982,140,70,60530
train,repeat_current_backward,tool,moving,all,18.57521298247794,1982,140,70,60530
train,C,tool,moving,covered,3.000533771019828,1288,140,70,30140
train,repeat_current_backward,tool,moving,covered,18.4811065925216,1288,140,70,30140
train,oracle_entity_rigid_fit,tool,moving,covered,1.3434800603897446e-05,1288,140,70,30140
train,C,tool,moving,uncovered,3.2100587282253996,694,138,70,30390
train,repeat_current_backward,tool,moving,uncovered,18.74583716359634,694,138,70,30390
train,C,tool,stationary,all,2.5769065695717117,2353,210,70,72100
train,repeat_current_backward,tool,stationary,all,13.356184258335823,2353,210,70,72100
train,C,tool,stationary,covered,2.59189091862162,1514,201,70,35470
train,repeat_current_backward,tool,stationary,covered,13.680272939570939,1514,201,70,35470
train,oracle_entity_rigid_fit,tool,stationary,covered,1.4095708838724777e-05,1514,201,70,35470
train,C,tool,stationary,uncovered,2.7244622442471216,839,190,70,36630
train,repeat_current_backward,tool,stationary,uncovered,14.907054446539282,839,190,70,36630
train,C,all,all,all,2.2797683438814147,4407,210,70,266240
train,repeat_current_backward,all,all,all,11.129736799481769,4407,210,70,266240
train,C,all,all,covered,2.186417652583866,3846,210,70,132510
train,repeat_current_backward,all,all,covered,11.12846087328289,3846,210,70,132510
train,oracle_entity_rigid_fit,all,all,covered,1.061110803625627e-05,3846,210,70,132510
train,C,all,all,uncovered,2.395841327072231,2534,210,70,133730
train,repeat_current_backward,all,all,uncovered,11.328236758419223,2534,210,70,133730
train,C,all,moving,all,2.777057745380847,2012,140,70,121010
train,repeat_current_backward,all,moving,all,15.431918340828348,2012,140,70,121010
train,C,all,moving,covered,2.6125673327148204,1766,140,70,61080
train,repeat_current_backward,all,moving,covered,15.26171248326935,1766,140,70,61080
train,oracle_entity_rigid_fit,all,moving,covered,1.0775868855133051e-05,1766,140,70,61080
train,C,all,moving,uncovered,3.0018561540512647,1142,140,70,59930
train,repeat_current_backward,all,moving,uncovered,15.693305431267873,1142,140,70,59930
train,C,all,stationary,all,2.0947408697041645,2395,210,70,145230
train,repeat_current_backward,all,stationary,all,7.209963664302469,2395,210,70,145230
train,C,all,stationary,covered,2.058617922481758,2080,209,70,71430
train,repeat_current_backward,all,stationary,covered,7.246850828981382,2080,209,70,71430
train,oracle_entity_rigid_fit,all,stationary,covered,1.0484850345119668e-05,2080,209,70,71430
train,C,all,stationary,uncovered,2.1541706555581572,1392,201,70,73800
train,repeat_current_backward,all,stationary,uncovered,7.627528722925092,1392,201,70,73800
val,C,target,all,all,1.94190189620108,938,45,15,28410
val,repeat_current_backward,target,all,all,6.037303803025165,938,45,15,28410
val,C,target,all,covered,1.8530961622362283,625,45,15,14720
val,repeat_current_backward,target,all,covered,5.952845695308996,625,45,15,14720
val,oracle_entity_rigid_fit,target,all,covered,6.816984959499824e-06,625,45,15,14720
val,C,target,all,uncovered,2.1772579091290396,313,45,15,13690
val,repeat_current_backward,target,all,uncovered,6.19757365646887,313,45,15,13690
val,C,target,moving,all,2.3987929409803863,431,30,15,12970
val,repeat_current_backward,target,moving,all,12.081545974708058,431,30,15,12970
val,C,target,moving,covered,2.2656848548108304,287,30,15,6620
val,repeat_current_backward,target,moving,covered,12.294166330015203,287,30,15,6620
val,oracle_entity_rigid_fit,target,moving,covered,6.588084417799793e-06,287,30,15,6620
val,C,target,moving,uncovered,2.7439887423363944,144,30,15,6350
val,repeat_current_backward,target,moving,uncovered,11.575085415020867,144,30,15,6350
val,C,target,stationary,all,1.6783743806589257,507,45,15,15440
val,repeat_current_backward,target,stationary,all,1.1949536418960531,507,45,15,15440
val,C,target,stationary,covered,1.6465846623165155,338,45,15,8100
val,repeat_current_backward,target,stationary,covered,1.0341867091671344,338,45,15,8100
val,oracle_entity_rigid_fit,target,stationary,covered,7.049792908244867e-06,338,45,15,8100
val,C,target,stationary,uncovered,1.8990475230432182,169,38,15,7340
val,repeat_current_backward,target,stationary,uncovered,1.9528977538559262,169,38,15,7340
val,C,tool,all,all,2.7337083350978038,935,45,15,28660
val,repeat_current_backward,tool,all,all,16.39377822588103,935,45,15,28660
val,C,tool,all,covered,2.6682555389646008,598,45,15,13970
val,repeat_current_backward,tool,all,covered,16.31102927926354,598,45,15,13970
val,oracle_entity_rigid_fit,tool,all,covered,1.4108354314687471e-05,598,45,15,13970
val,C,tool,all,uncovered,2.7697095139003323,337,45,15,14690
val,repeat_current_backward,tool,all,uncovered,16.27535576209018,337,45,15,14690
val,C,tool,moving,all,3.114938163991192,430,30,15,13120
val,repeat_current_backward,tool,moving,all,18.241868124295728,430,30,15,13120
val,C,tool,moving,covered,3.0327928879599924,270,30,15,6200
val,repeat_current_backward,tool,moving,covered,18.24878626653691,270,30,15,6200
val,oracle_entity_rigid_fit,tool,moving,covered,1.4055103267809561e-05,270,30,15,6200
val,C,tool,moving,uncovered,3.2540595714014673,160,30,15,6920
val,repeat_current_backward,tool,moving,uncovered,18.728823202047398,160,30,15,6920
val,C,tool,stationary,all,2.7327594841035956,505,45,15,15540
val,repeat_current_backward,tool,stationary,all,13.61695028902936,505,45,15,15540
val,C,tool,stationary,covered,2.6976666194048713,328,45,15,7770
val,repeat_current_backward,tool,stationary,covered,13.710728598289386,328,45,15,7770
val,oracle_entity_rigid_fit,tool,stationary,covered,1.4121142445850372e-05,328,45,15,7770
val,C,tool,stationary,uncovered,2.6841253828874954,177,38,15,7770
val,repeat_current_backward,tool,stationary,uncovered,13.874586672086751,177,38,15,7770
val,C,all,all,all,2.3615277925496376,945,45,15,57070
val,repeat_current_backward,all,all,all,11.16073744039613,945,45,15,57070
val,C,all,all,covered,2.2580662580095407,820,45,15,28690
val,repeat_current_backward,all,all,covered,10.999732985201932,820,45,15,28690
val,oracle_entity_rigid_fit,all,all,covered,1.0451645575015533e-05,820,45,15,28690
val,C,all,all,uncovered,2.4754547677210934,533,45,15,28380
val,repeat_current_backward,all,all,uncovered,11.346314436545091,533,45,15,28380
val,C,all,moving,all,2.8121172990212084,435,30,15,26090
val,repeat_current_backward,all,moving,all,15.147654096867912,435,30,15,26090
val,C,all,moving,covered,2.619922631332524,379,30,15,12820
val,repeat_current_backward,all,moving,covered,15.147512665417576,379,30,15,12820
val,oracle_entity_rigid_fit,all,moving,covered,1.0674125177705037e-05,379,30,15,12820
val,C,all,moving,uncovered,2.9871384889173997,251,30,15,13270
val,repeat_current_backward,all,moving,uncovered,15.04900781969877,251,30,15,13270
val,C,all,stationary,all,2.1969158172974392,510,45,15,30980
val,repeat_current_backward,all,stationary,all,7.294770564010294,510,45,15,30980
val,C,all,stationary,covered,2.173874834639284,441,45,15,15870
val,repeat_current_backward,all,stationary,covered,7.022865631528784,441,45,15,15870
val,oracle_entity_rigid_fit,all,stationary,covered,1.039107529872221e-05,441,45,15,15870
val,C,all,stationary,uncovered,2.24165697491603,282,42,15,15110
val,repeat_current_backward,all,stationary,uncovered,7.781054428626016,282,42,15,15110
